{"cameraMode":{"drawMode":0,"name":"Shaded","section":"Shading Mode"},"sceneLighting":true,"audioPlay":false,"sceneViewState":{"showFog":true,"showMaterialUpdate":false,"showSkybox":true,"showFlares":true,"showImageEffects":true,"showParticleSystems":true},"in2DMode":false,"pivot":{"x":16.272615432739259,"y":-23.928421020507814,"z":79.94305419921875},"rotation":{"x":-0.12891101837158204,"y":0.024389123544096948,"z":-0.0031719591934233906,"w":-0.9913545846939087},"size":111.2133560180664,"orthographic":false}